Portal,Resource
05a-01,us-mn-state-metc-trans-pland-transitway-alignment
05a-01,water-vln-grndwtr-dft-rstrct2018
05a-01,water-dnr-as-well-ob-pub
05a-01,us-mn-state-metc-trans-pland-transitway-station
05a-01,base-2019-naip-orthophotos
05a-01,us-mn-state-metc-society-areas-of-concntrtd-pvrty
05a-01,us-mn-state-metc-trans-transitway-stations
05a-01,us-mn-state-metc-trans-transitway-alignments
08c-01,evacuation-routes
08c-01,gsi-private-retrofit-projects
08c-01,gsi-public-projects-street
08c-01,tobacco-youth-sales-violations
08c-01,stormwater-grant-awardees
08c-01,duplicate_greater-philadelphia-geohistory-network_d99ded37-2285-4988-a281-8021082c55b3
08c-01,duplicate_phlmaps_f02da6a1-ea34-47b7-b0b7-57ca34212198
08c-01,duplicate_public-property-listings_26e22a42-e96c-4e2f-a2fc-7abea0fac358
01c-01,sidewalk-reports
01c-01,npdes-permit-data
